name,donor,language,software_category,media,platform,product_ID,admin_fee,url
Adobe Creative All Apps Plan Individual Membership — Access to Discounted Rates,Adobe,English,"Desktop Publishing,Office Suite",Download,Windows,G-50790,$79.00,https://www.techsoup.ca/content/adobe-creative-all-apps-plan-individual-membership-%E2%80%94-access-discounted-rates
CloudCare Managed Antivirus - 1-Year Subscription,Adobe Cloud,"English,French","Multimedia and Design,Audio and Video,Desktop Publishing",Online,"Windows, Mac",,$7.00,https://www.techsoup.ca/content/cloudcare-managed-antivirus-%E2%80%93-1-year-subscription
,Avast Business,English,"Server & Security Software,Data Security and Privacy,Server and Network Management,Spam and Virus Protection",,,,None,
Windows Pro Full Operating System - No Software Assurance,Microsoft Discounted Software,Multilingual,,Licence Only,Windows,L-55998,$158.00,https://www.techsoup.ca/content/windows-pro-full-operating-system-%E2%80%93-no-software-assurance
Acrobat Pro 2020 for Windows (French),Microsoft Donated Software,Multilingual,,Licence Only,Windows,L-56943,$21.00,https://www.techsoup.ca/content/acrobat-pro-2020-windows-french
"QuickBooks Premier Canadian Edition 2021, 1 User License (Includes Nonprofit Edition)",Adobe,French,"Desktop Publishing,Office Suite",Download,Windows,G-47378,$79.00,https://www.techsoup.ca/content/quickbooks-premier-canadian-edition-2021-1-user-license-includes-nonprofit-edition
Photoshop Elements 2022 and Premiere Elements 2022 Bundle,Intuit,English,"Finance,Accounting",Download,Windows,G-48827,$50.00,https://www.techsoup.ca/content/photoshop-elements-2022-and-premiere-elements-2022-bundle
Zoom Meetings 1-Year Subscription - Access to Discounted Rates,Adobe Unlimited,"English,French","Multimedia and Design,Audio and Video,CAD / Graphics Software",Download,"Windows, Mac",G-45104,$39.00,https://www.techsoup.ca/content/zoom-meetings-1-year-subscription-%E2%80%93-access-discounted-rates
"Bitdefender GravityZone Business Security, 25 Devices",Zoom,"English,French",Video Conferencing,Download,"Windows, Mac, IOS, Android",,$75.00,https://www.techsoup.ca/content/bitdefender-gravityzone-business-security-25-devices
Acrobat Pro 2020 for Mac (English),Bitdefender,English,"Server & Security Software,Data Security and Privacy,Spam and Virus Protection",Download,"Windows, Mac, Linux",G-48804,$157.00,https://www.techsoup.ca/content/acrobat-pro-2020-mac-english
"Asana Premium or Business, 1-Year Subscription,  Access to Discounted Rates",Adobe,English,"Desktop Publishing,Office Suite",Download,Mac,G-50792,$79.00,https://www.techsoup.ca/content/asana-premium-or-business-1-year-subscription-access-discounted-rates
"Wix Unlimited Premium Plan, 2-Year Subscription - Access to Discounted Rates",Asana,"English,French","Collaboration Tools,Project Management",Online,"Windows, Mac, IOS, Android",G-51071,$0.00,https://www.techsoup.ca/content/wix-unlimited-premium-plan-2-year-subscription-access-discounted-rates
Google For Non Profits,Wix for Nonprofits,"English,French",Website Management,Online,Any Platform,G-53124,$14.00,https://www.techsoup.ca/content/google-non-profits
,Google For Non Profits,,,,,G-90001,None,
"QuickBooks Premier Canadian Edition 2021, 3 User License (Includes Nonprofit Edition)",Callbridge Donated,"English,French","Training Software,Collaboration Tools,Video Conferencing,Office Suite",,"Windows, Mac, IOS, Android",CB-TS-DLX1,$129.00,https://www.techsoup.ca/content/quickbooks-premier-canadian-edition-2021-3-user-license-includes-nonprofit-edition
"DocuSign Standard Edition, Perpetual Subscription",Intuit,English,"Finance,Accounting",Download,Windows,G-48829,$123.00,https://www.techsoup.ca/content/docusign-standard-edition-perpetual-subscription
Dell OptiPlex 5050 SFF,DocuSign Donated,"English,French","Information and Database Management,Collaboration Tools,Office Suite",Online,Any Platform,G-49994,$117.00,https://www.techsoup.ca/content/dell-optiplex-5050-sff
Lenovo Affinity Program 1-Year Membership - Access to Discounted Hardware,CNB Computers,English,"Hardware,Computers",,Windows,051791315293,$365.00,https://www.techsoup.ca/content/lenovo-affinity-program-1-year-membership-%E2%80%93-access-discounted-hardware
"Sumac CRM - Standard 1,500",Lenovo,English,"Computers,Networking Equipment",Hardware,Any Platform,G-50684,$13.00,https://www.techsoup.ca/content/sumac-crm-standard-1500
Acrobat Pro 2020 for Windows (English),Silent Partner,English,"Fundraising,Information and Database Management,Constituent/Donor Relationship Management,Learning and Training",,Any Platform,SU-1500,$80.00,https://www.techsoup.ca/content/acrobat-pro-2020-windows-english
Adobe Creative All Apps Plan Individual Membership — Access to Discounted Rates,Adobe,English,"Desktop Publishing,Office Suite",Download,Windows,G-50790,$79.00,https://www.techsoup.ca/content/adobe-creative-all-apps-plan-individual-membership-%E2%80%94-access-discounted-rates
CloudCare Managed Antivirus - 1-Year Subscription,Adobe Cloud,"English,French","Multimedia and Design,Audio and Video,Desktop Publishing",Online,"Windows, Mac",,$7.00,https://www.techsoup.ca/content/cloudcare-managed-antivirus-%E2%80%93-1-year-subscription
,Avast Business,English,"Server & Security Software,Data Security and Privacy,Server and Network Management,Spam and Virus Protection",,,,None,
Windows Pro Full Operating System - No Software Assurance,Microsoft Discounted Software,Multilingual,,Licence Only,Windows,L-55998,$158.00,https://www.techsoup.ca/content/windows-pro-full-operating-system-%E2%80%93-no-software-assurance
Acrobat Pro 2020 for Windows (French),Microsoft Donated Software,Multilingual,,Licence Only,Windows,L-56943,$21.00,https://www.techsoup.ca/content/acrobat-pro-2020-windows-french
"QuickBooks Premier Canadian Edition 2021, 1 User License (Includes Nonprofit Edition)",Adobe,French,"Desktop Publishing,Office Suite",Download,Windows,G-47378,$79.00,https://www.techsoup.ca/content/quickbooks-premier-canadian-edition-2021-1-user-license-includes-nonprofit-edition
Photoshop Elements 2022 and Premiere Elements 2022 Bundle,Intuit,English,"Finance,Accounting",Download,Windows,G-48827,$50.00,https://www.techsoup.ca/content/photoshop-elements-2022-and-premiere-elements-2022-bundle
Zoom Meetings 1-Year Subscription - Access to Discounted Rates,Adobe Unlimited,"English,French","Multimedia and Design,Audio and Video,CAD / Graphics Software",Download,"Windows, Mac",G-45104,$39.00,https://www.techsoup.ca/content/zoom-meetings-1-year-subscription-%E2%80%93-access-discounted-rates
"Bitdefender GravityZone Business Security, 25 Devices",Zoom,"English,French",Video Conferencing,Download,"Windows, Mac, IOS, Android",,$75.00,https://www.techsoup.ca/content/bitdefender-gravityzone-business-security-25-devices
Acrobat Pro 2020 for Mac (English),Bitdefender,English,"Server & Security Software,Data Security and Privacy,Spam and Virus Protection",Download,"Windows, Mac, Linux",G-48804,$157.00,https://www.techsoup.ca/content/acrobat-pro-2020-mac-english
"Asana Premium or Business, 1-Year Subscription,  Access to Discounted Rates",Adobe,English,"Desktop Publishing,Office Suite",Download,Mac,G-50792,$79.00,https://www.techsoup.ca/content/asana-premium-or-business-1-year-subscription-access-discounted-rates
"Wix Unlimited Premium Plan, 2-Year Subscription - Access to Discounted Rates",Asana,"English,French","Collaboration Tools,Project Management",Online,"Windows, Mac, IOS, Android",G-51071,$0.00,https://www.techsoup.ca/content/wix-unlimited-premium-plan-2-year-subscription-access-discounted-rates
Google For Non Profits,Wix for Nonprofits,"English,French",Website Management,Online,Any Platform,G-53124,$14.00,https://www.techsoup.ca/content/google-non-profits
,Google For Non Profits,,,,,G-90001,None,
"QuickBooks Premier Canadian Edition 2021, 3 User License (Includes Nonprofit Edition)",Callbridge Donated,"English,French","Training Software,Collaboration Tools,Video Conferencing,Office Suite",,"Windows, Mac, IOS, Android",CB-TS-DLX1,$129.00,https://www.techsoup.ca/content/quickbooks-premier-canadian-edition-2021-3-user-license-includes-nonprofit-edition
"DocuSign Standard Edition, Perpetual Subscription",Intuit,English,"Finance,Accounting",Download,Windows,G-48829,$123.00,https://www.techsoup.ca/content/docusign-standard-edition-perpetual-subscription
Dell OptiPlex 5050 SFF,DocuSign Donated,"English,French","Information and Database Management,Collaboration Tools,Office Suite",Online,Any Platform,G-49994,$117.00,https://www.techsoup.ca/content/dell-optiplex-5050-sff
Lenovo Affinity Program 1-Year Membership - Access to Discounted Hardware,CNB Computers,English,"Hardware,Computers",,Windows,051791315293,$365.00,https://www.techsoup.ca/content/lenovo-affinity-program-1-year-membership-%E2%80%93-access-discounted-hardware
"Sumac CRM - Standard 1,500",Lenovo,English,"Computers,Networking Equipment",Hardware,Any Platform,G-50684,$13.00,https://www.techsoup.ca/content/sumac-crm-standard-1500
Sumac CRM - Starter 750,Silent Partner,English,"Fundraising,Information and Database Management,Constituent/Donor Relationship Management,Learning and Training",,Any Platform,SU-1500,$80.00,https://www.techsoup.ca/content/sumac-crm-starter-750
"HP X360 11 G1 EE 11.6"" Touchscreen",Silent Partner,,"Fundraising,Information and Database Management,Constituent/Donor Relationship Management",,Any Platform,SU-750,$40.00,https://www.techsoup.ca/content/hp-x360-11-g1-ee-116-touchscreen
Keela,CNB Computers,English,"Hardware,Computers",Hardware,Windows,051791301579,$249.00,https://www.techsoup.ca/content/keela
,Keela,English,"Finance,Fundraising,Information and Database Management,Constituent/Donor Relationship Management",Subscription,Any Platform,G-90013,None,
"Tableau Desktop and Tableau Prep Builder, 2-Year Subscription",CNB Computers,English,"Hardware,Computers",Hardware,Windows,051791275870,$470.00,https://www.techsoup.ca/content/tableau-desktop-and-tableau-prep-builder-2-year-subscription
CloudCare Content Filtering - 1-Year Subscription,Tableau,"English,French","Information and Database Management,Research and Analysis",Download,"Windows, Mac",G-49565,$97.00,https://www.techsoup.ca/content/cloudcare-content-filtering-%E2%80%93-1-year-subscription
,Avast Business,"English,French","Server & Security Software,Data Security and Privacy,Server and Network Management,Spam and Virus Protection",,,,None,
,Avast Business,English,"Server & Security Software,Data Security and Privacy,Server and Network Management,Spam and Virus Protection",,,,None,
,Avast Business,English,"Server & Security Software,Data Security and Privacy,Server and Network Management,Spam and Virus Protection",,,,None,
Cisco Meraki MR70 a/b/g/n/ac Wireless Access Point with 5-Year License,Cisco,English,,Hardware,Multiple platforms,HW-57024,$310.00,https://www.techsoup.ca/content/cisco-meraki-mr70-abgnac-wireless-access-point-5-year-license
Cisco Meraki MS120 Series 8-Port Gigabit Ethernet Switch with 5-Year License,Cisco,English,,Hardware,Multiple platforms,HW-57028,$385.00,https://www.techsoup.ca/content/cisco-meraki-ms120-series-8-port-gigabit-ethernet-switch-5-year-license
Cisco Meraki MX67 Security Appliance with 5-Year License,Cisco,English,,Hardware,Multiple platforms,HW-57029,$233.00,https://www.techsoup.ca/content/cisco-meraki-mx67-security-appliance-5-year-license
Cisco Meraki MX67W Wireless Security Appliance with 5-Year License,Cisco,English,,Hardware,Multiple platforms,HW-57021,$659.00,https://www.techsoup.ca/content/cisco-meraki-mx67w-wireless-security-appliance-5-year-license
Cisco AnyConnect Apex SSL VPN 5-Year Subscription Licenses for 25 Users,Cisco,English,,Hardware,Multiple platforms,HW-57027,$787.00,https://www.techsoup.ca/content/cisco-anyconnect-apex-ssl-vpn-5-year-subscription-licenses-25-users
Cisco Meraki MR36 Wi-Fi 6 Wireless Access Point with 5-Year License,Cisco,English,Networking Equipment,License only,Multiple platforms,G-54975,$185.00,https://www.techsoup.ca/content/cisco-meraki-mr36-wi-fi-6-wireless-access-point-5-year-license
Okta,Cisco,English,,Hardware,Multiple platforms,HW-57020,$310.00,https://www.techsoup.ca/content/okta
,Okta,Multilingual,,,,G-90003,None,
,Benevity,Multilingual,,,,G-90002,None,
,Goodwings,Multilingual,,,,G-90005,None,
,AirBnB,Multilingual,,,,G-90006,None,
,PagerDuty,Multilingual,,,,G-90007,None,
Dell OptiPlex 3040 SFF,Tech Impact,English,"E-learning Course,Learning and Training",Online,,ti-100,$300.00,https://www.techsoup.ca/content/dell-optiplex-3040-sff
HP EliteDesk 800 G2 SFF,CNB Computers,English,"Hardware,Computers",Hardware,Windows,080101307413,$285.00,https://www.techsoup.ca/content/hp-elitedesk-800-g2-sff
HP ProDesk 400G3 SFF (Refurbished),CNB Computers,English,"Hardware,Computers",,Windows,080101307437,$285.00,https://www.techsoup.ca/content/hp-prodesk-400g3-sff-refurbished
Callbridge Deluxe 1 host - 1-year renewable subscription (Discounted),CNB Computers,English,"Hardware,Computers",Hardware,Windows,051791315309,$285.00,https://www.techsoup.ca/content/callbridge-deluxe-1-host-1-year-renewable-subscription-discounted
"Dell Precision 7510 15.6"" Laptop",Callbridge Discounted,"English,French","Training Software,Collaboration Tools,Video Conferencing,Office Suite",,"Windows, Mac, IOS, Android",CB-TS-DLX2,$179.00,https://www.techsoup.ca/content/dell-precision-7510-156-laptop
GrantStation (Discounted),CNB Computers,"English,French","Hardware,Computers",Hardware,Windows,051791315927,$825.00,https://www.techsoup.ca/content/grantstation-discounted
Lenovo Affinity Program Membership Renewal,GrantStation,English,"Finance,Fundraising",Online,Any Platform,G-43322,$261.00,https://www.techsoup.ca/content/lenovo-affinity-program-membership-renewal
"RollBack Rx Professional, 10 Additional User Licenses (Discounted)",Lenovo,English,"Computers,Networking Equipment",Hardware,Any Platform,G-50685,$13.00,https://www.techsoup.ca/content/rollback-rx-professional-10-additional-user-licenses-discounted
"Reboot Restore Rx Pro, 25 Additional User Licenses (Discounted)",HorizonDataSys Discounted,English,Backup and Restore,Download,Windows,G-49714,$534.00,https://www.techsoup.ca/content/reboot-restore-rx-pro-25-additional-user-licenses-discounted
"RollBack Rx Professional, 25 Additional User Licenses (Discounted)",HorizonDataSys Discounted,English,Backup and Restore,Download,Windows,G-49716,$499.00,https://www.techsoup.ca/content/rollback-rx-professional-25-additional-user-licenses-discounted
"Reboot Restore Rx Pro, 10 Additional User Licenses (Discounted)",HorizonDataSys Discounted,English,Backup and Restore,Download,Windows,G-49724,"$1,206.00",https://www.techsoup.ca/content/reboot-restore-rx-pro-10-additional-user-licenses-discounted
Learning Institute Certificate Series: All Eight Courses,HorizonDataSys Discounted,English,Backup and Restore,Download,Windows,G-49718,$249.00,https://www.techsoup.ca/content/learning-institute-certificate-series-all-eight-courses
LI Certificate Series: Strategic Planning,Soc Nonprofit Orgs,English,"Learning and Training,E-learning Course",Online,Windows,G-43411,$936.00,https://www.techsoup.ca/content/li-certificate-series-strategic-planning
LI Certificate  Series: Social Entrepreneurship,Soc Nonprofit Orgs,English,"Learning and Training,E-learning Course",Online,Windows,G-43419,$128.00,https://www.techsoup.ca/content/li-certificate-series-social-entrepreneurship
LI Certificate  Series: Mission-Based Management,Soc Nonprofit Orgs,English,"Learning and Training,E-learning Course",Online,Windows,G-43423,$128.00,https://www.techsoup.ca/content/li-certificate-series-mission-based-management
LI Certificate  Series: Board Governance,Soc Nonprofit Orgs,English,"Learning and Training,E-learning Course",Online,Windows,G-43417,$128.00,https://www.techsoup.ca/content/li-certificate-series-board-governance
LI Certificate  Series: Volunteer Management,Soc Nonprofit Orgs,English,"Learning and Training,E-learning Course",Online,Windows,G-43413,$128.00,https://www.techsoup.ca/content/li-certificate-series-volunteer-management
LI Certificate  Series: Strategic Alliances,Soc Nonprofit Orgs,English,"Learning and Training,E-learning Course",Online,Windows,G-43421,$128.00,https://www.techsoup.ca/content/li-certificate-series-strategic-alliances
LI Certificate  Series: Resource Development,Soc Nonprofit Orgs,English,"Learning and Training,E-learning Course",Online,Windows,G-43415,$128.00,https://www.techsoup.ca/content/li-certificate-series-resource-development
LI Certificate  Series: Marketing,Soc Nonprofit Orgs,English,"Learning and Training,E-learning Course",Online,Windows,G-43409,$128.00,https://www.techsoup.ca/content/li-certificate-series-marketing
"Bitdefender Antivirus for Mac, 1 Device",Soc Nonprofit Orgs,English,"Learning and Training,E-learning Course",Online,Windows,G-43425,$128.00,https://www.techsoup.ca/content/bitdefender-antivirus-mac-1-device
"Bitdefender Mobile Security for Android, 1 Device",Bitdefender,English,"Server & Security Software,Spam and Virus Protection",Download,Mac,G-48796,$16.00,https://www.techsoup.ca/content/bitdefender-mobile-security-android-1-device
"Bitdefender GravityZone Business Security, 50 Devices",Bitdefender,English,"Server & Security Software,Spam and Virus Protection",Download,Android,G-49422,$3.00,https://www.techsoup.ca/content/bitdefender-gravityzone-business-security-50-devices
"Bitdefender Internet Security, 5 Devices",Bitdefender,English,"Server & Security Software,Data Security and Privacy,Spam and Virus Protection",Download,"Windows, Mac, Linux",G-48806,$278.00,https://www.techsoup.ca/content/bitdefender-internet-security-5-devices
"Bitdefender Internet Security, 1 Device",Bitdefender,English,"Server & Security Software,Spam and Virus Protection",Download,Windows,G-48808,$33.00,https://www.techsoup.ca/content/bitdefender-internet-security-1-device
"Bitdefender GravityZone Business Security, 10 Devices",Bitdefender,English,"Server & Security Software,Spam and Virus Protection",Download,Windows,G-48802,$13.00,https://www.techsoup.ca/content/bitdefender-gravityzone-business-security-10-devices
"Bitdefender Antivirus for Mac, 3 Devices",Bitdefender,English,"Server & Security Software,Data Security and Privacy,Spam and Virus Protection",Download,"Windows, Mac, Linux",G-48794,$75.00,https://www.techsoup.ca/content/bitdefender-antivirus-mac-3-devices
"Bitdefender Internet Security, 3 Devices",Bitdefender,English,"Server & Security Software,Spam and Virus Protection",Download,Mac,G-48792,$18.00,https://www.techsoup.ca/content/bitdefender-internet-security-3-devices
Acrobat Pro 2020 for Mac (French),Bitdefender,English,"Server & Security Software,Spam and Virus Protection",Download,Windows,G-48810,$22.00,https://www.techsoup.ca/content/acrobat-pro-2020-mac-french
Enterprise Mobility and Security - Nonprofit Cloud Subscription,Adobe,French,"Desktop Publishing,Office Suite",Download,Mac,G-48111,$79.00,https://www.techsoup.ca/content/enterprise-mobility-and-security-%E2%80%93-nonprofit-cloud-subscription
,Microsoft Cloud Subscriptions,"English,French",,,,G-50689,None,
,Microsoft Cloud Subscriptions,"English,French",,,,G-50695,None,
,Microsoft Cloud Subscriptions,"English,French",,,,G-50693,None,
"O and O Business Suite, 50 Users",O and O Software Donation Program,English,Backup and Restore,Online,Windows,G-47361,$39.00,https://www.techsoup.ca/content/o-and-o-business-suite-50-users
"O and O Business Suite, 10 Users",O and O Software Donation Program,English,Backup and Restore,Online,Windows,G-47366,$131.00,https://www.techsoup.ca/content/o-and-o-business-suite-10-users
"O and O Business Suite, 25 Users",O and O Software Donation Program,English,Backup and Restore,Online,Windows,G-47362,$65.00,https://www.techsoup.ca/content/o-and-o-business-suite-25-users
OnBoard Board Management Software - Access to Discounted Rates,O and O Software Donation Program,English,Backup and Restore,Online,Windows,G-47364,$92.00,https://www.techsoup.ca/content/onboard-board-management-software-access-discounted-rates
Veritas Backup Exec 21,OnBoard,English,"Collaboration Tools,Video Conferencing","Download,Online",Multiple platforms,G-52319,$0.00,https://www.techsoup.ca/content/veritas-backup-exec-21
Veritas System Recovery 18,Veritas Donation Program,English,"Server & Security Software,Backup and Restore,Server and Network Management",Download,Windows,G-49695,$190.00,https://www.techsoup.ca/content/veritas-system-recovery-18
Exceed! Basic 4.5 (Discounted),Veritas Donation Program,"English,French","Server & Security Software,Backup and Restore",Download,Windows,G-49699,$164.00,https://www.techsoup.ca/content/exceed-basic-45-discounted
"RollBack Rx Professional, 5 User Licenses (Donated)",Arreva Discounted,English,"Finance,Fundraising,Information and Database Management,Constituent/Donor Relationship Management",Download,Windows,G-43328,$458.00,https://www.techsoup.ca/content/rollback-rx-professional-5-user-licenses-donated
"Reboot Restore Rx Pro, 5 User Licenses (Donated)",HorizonDataSys Donated,English,Backup and Restore,Download,Windows,G-49722,$81.00,https://www.techsoup.ca/content/reboot-restore-rx-pro-5-user-licenses-donated
Tutanota Premium 1-Year Subscription for up to 50 Accounts,HorizonDataSys Donated,English,Backup and Restore,Download,Windows,G-49712,$42.00,https://www.techsoup.ca/content/tutanota-premium-1-year-subscription-50-accounts
Tutanota Premium 1-Year Subscription for up to 10 Accounts,Tutanota,"English,French",Email and Messaging,Online,Any Platform,G-50085,$20.00,https://www.techsoup.ca/content/tutanota-premium-1-year-subscription-10-accounts
Otter Business 1-Year Subscription Renewal - Access to Discounted Rates,Tutanota,"English,French",Email and Messaging,Online,Any Platform,G-50083,$7.00,https://www.techsoup.ca/content/otter-business-1-year-subscription-renewal-access-discounted-rates
Otter Business 1-Year Initial Subscription - Access to Discounted Rates,OtterAI,"English,French",Office Suite,Online,Any Platform,,$35.00,https://www.techsoup.ca/content/otter-business-1-year-initial-subscription-access-discounted-rates
Adobe Acrobat Pro DC 1-Year Individual Membership - Access to Discounted Rates,OtterAI,"English,French",Office Suite,Online,Any Platform,,$51.00,https://www.techsoup.ca/content/adobe-acrobat-pro-dc-1-year-individual-membership-access-discounted-rates
"DonorPerfect Online for Growing Organizations, 1-Year Subscription (Donated)",Adobe Cloud,"English,French","Desktop Publishing,Office Suite",Online,"Windows, Mac",,$7.00,https://www.techsoup.ca/content/donorperfect-online-growing-organizations-1-year-subscription-donated
Community Enterprise,DonorPerfect Donated,English,"Fundraising,Constituent/Donor Relationship Management",Online,"Windows, Mac",G-50142,$127.00,https://www.techsoup.ca/content/community-enterprise
Exceed! Basic 4.5 (Donated),Citysoft,English,"Information and Database Management,Constituent/Donor Relationship Management,Research and Analysis",Download,"Windows, Mac",G-43524,$183.00,https://www.techsoup.ca/content/exceed-basic-45-donated
DonorPerfect Online Subscription - Access to Discounted Rates,Arreva Donated,English,"Constituent/Donor Relationship Management,Fundraising,Finance,Information and Database Management",Download,Windows,G-48670,$97.00,https://www.techsoup.ca/content/donorperfect-online-subscription-%E2%80%93-access-discounted-rates
"DocuSign Business Pro Edition, New Subscription - Access to Discounted Rates",DonorPerfect Discounted,English,"Fundraising,Constituent/Donor Relationship Management",Online,"Windows, Mac",G-50141,$46.00,https://www.techsoup.ca/content/docusign-business-pro-edition-new-subscription-%E2%80%93-access-discounted-rates
Kintone for Nonprofits,DocuSign Discounted,"English,French","Information and Database Management,Collaboration Tools,Office Suite",Online,Any Platform,,$117.00,https://www.techsoup.ca/content/kintone-nonprofits
,Kintone for Nonprofits,Multilingual,,,,G-90008,None,
Constant Contact Online Marketing - Access to Discounted Rates,CNB Computers,"English,French","Hardware,Computers",,Windows,051791320976,$255.00,https://www.techsoup.ca/content/constant-contact-online-marketing-access-discounted-rates
"Dashlane for Businesses, 1-Year Subscription - Access to Discounted Rates",Constant Contact,English,"Ecommerce,Fundraising,Email and Messaging",Online,Any Platform,G-53442,$73.00,https://www.techsoup.ca/content/dashlane-businesses-1-year-subscription-access-discounted-rates
Partner HR,Dashlane,English,"Office & Business Software,Collaboration Tools,Email and Messaging",Download,Any Platform,G-53410,$46.00,https://www.techsoup.ca/content/partner-hr
Dropbox Business Standard - Access to Discounted Rates,Silent Partner,,"Constituent/Donor Relationship Management,Staff Management,Collaboration Tools",,Any Platform,SP-100,$20.00,https://www.techsoup.ca/content/dropbox-business-standard-access-discounted-rates
Dropbox Business Advanced - Access to Discounted Rates,Dropbox,English,"Office & Business Software,Collaboration Tools,File Storage,Remote Access",Online,Multiple platforms,,$59.00,https://www.techsoup.ca/content/dropbox-business-advanced-access-discounted-rates
"Bundle: QuickBooks Premier Canadian Edition 2021, 2 User License (Includes Nonprofit Edition and Payroll Module)",Dropbox,English,"File Storage,Remote Access",Online,Multiple platforms,,$101.00,https://www.techsoup.ca/content/bundle-quickbooks-premier-canadian-edition-2021-2-user-license-includes-nonprofit-edition
"Bundle: QuickBooks Premier Canadian Edition 2021, 4 User License (Includes Nonprofit Edition and Payroll Module)",Intuit,English,"Accounting,Ecommerce",Download,Windows,G-53508,$79.00,https://www.techsoup.ca/content/bundle-quickbooks-premier-canadian-edition-2021-4-user-license-includes-nonprofit-edition
Amazon Web Services Credits for Nonprofits,Intuit,English,"Accounting,Ecommerce",Download,Windows,G-53507,$191.00,https://www.techsoup.ca/content/amazon-web-services-credits-nonprofits-0
Lenovo ThinkCentre M900 SFF,Amazon Web Services,English,Website Management,Online,Any Platform,G-54549,$124.00,https://www.techsoup.ca/content/lenovo-thinkcentre-m900-sff
HP EliteDesk 800G3 SFF,CNB Computers,English,"Hardware,Computers",Hardware,Windows,051791300473,$335.00,https://www.techsoup.ca/content/hp-elitedesk-800g3-sff
HP EliteDesk 800G1 SFF,CNB Computers,English,"Hardware,Computers",,Windows,051791300480,$415.00,https://www.techsoup.ca/content/hp-elitedesk-800g1-sff
Apple iPad 5th Gen 128GB - Space grey,CNB Computers,English,"Hardware,Computers",,Windows,051791300466,$325.00,https://www.techsoup.ca/content/apple-ipad-5th-gen-128gb-space-grey
HP EliteDesk 800G3 SFF,CNB Computers,English,"Hardware,Computers",Hardware,Mac,051791301593,$359.00,https://www.techsoup.ca/content/hp-elitedesk-800g3-sff-0
"Toshiba TECRA A50-C Core 15.6"" (Refurbished)",CNB Computers,English,"Hardware,Computers",Hardware,Windows,051791300497,$285.00,https://www.techsoup.ca/content/toshiba-tecra-a50-c-core-156-refurbished
Fiverr Business,CNB Computers,English,"Hardware,Computers",Hardware,Windows,051791300381,$539.00,https://www.techsoup.ca/content/fiverr-business
"Learn from Fiverr, 50 Percent Course Discount",Fiverr,Multilingual,"Ecommerce,Fundraising,Multimedia and Design,Audio and Video,CAD / Graphics Software,Office & Business Software,Collaboration Tools,Project Management",Online,Multiple platforms,G-54672,$0.00,https://www.techsoup.ca/content/learn-fiverr-50-percent-course-discount
Box for Nonprofits,Fiverr,Multilingual,"E-learning Course,Training Software",Online,Multiple platforms,G-54671,$7.00,https://www.techsoup.ca/content/box-nonprofits-1
,Box.org,English,,,,G-90010,None,
,Microsoft Cloud Subscriptions,"English,French",,,,G-52401,None,
Dell OptiPlex 7050 mini Tower - 512GB SSD (Refurbished),CNB Computers,English,"Hardware,Computers",Hardware,Windows,051791294031,$525.00,https://www.techsoup.ca/content/dell-optiplex-7050-mini-tower-512gb-ssd-refurbished
Dell OptiPlex 7050 mini Tower - 256GB SSD (Refurbished),CNB Computers,English,"Hardware,Computers",,Windows,051791300510,$460.00,https://www.techsoup.ca/content/dell-optiplex-7050-mini-tower-256gb-ssd-refurbished
Tweepsmap,CNB Computers,English,"Hardware,Computers",,Windows,051791300503,$399.00,https://www.techsoup.ca/content/tweepsmap
,Tweepsmap,English,,,,G-90011,None,
,Loomio,English,"Office & Business Software,Collaboration Tools",Subscription,Any Platform,G-90014,None,
,Slack,English,,,,G-90037,None,
CleverReach for Nonprofits 1-Year Initial Subscription,Cisco,English,Networking Equipment,License only,,G-54976,$569.00,https://www.techsoup.ca/content/cleverreach-nonprofits-1-year-initial-subscription
CleverReach for Nonprofits Subscription Renewal,CleverReach,English,Email and Messaging,Online,Any Platform,G-54991,$45.00,https://www.techsoup.ca/content/cleverreach-nonprofits-subscription-renewal
HubSpot,CleverReach,English,Email and Messaging,Online,Any Platform,G-54993,$45.00,https://www.techsoup.ca/content/hubspot
,HubSpot,English,,,,G-90015,None,
BizTalk Server Standard (Discounted) - No Software Assurance,Microsoft Discounted Software,Multilingual,,Licence Only,Windows,L-56026,$60.00,https://www.techsoup.ca/content/biztalk-server-standard-discounted-%E2%80%93-no-software-assurance
Exchange Server Device CAL - Enterprise (Discounted) - No Software Assurance,Microsoft Discounted Software,Multilingual,,Licence Only,Windows,LV-56023,"$2,641.00",https://www.techsoup.ca/content/exchange-server-device-cal-%E2%80%93-enterprise-discounted-%E2%80%93-no-software-assurance
Exchange Server Device CAL - Standard (Discounted) - No Software Assurance,Microsoft Discounted Software,Multilingual,,Licence Only,Windows,L-55994,$24.00,https://www.techsoup.ca/content/exchange-server-device-cal-%E2%80%93-standard-discounted-%E2%80%93-no-software-assurance
Exchange Server Enterprise Edition (Discounted) - No Software Assurance,Microsoft Discounted Software,Multilingual,,Licence Only,Windows,L-55989,$26.00,https://www.techsoup.ca/content/exchange-server-enterprise-edition-discounted-%E2%80%93-no-software-assurance
Exchange Server Standard Edition (Discounted) - No Software Assurance,Microsoft Discounted Software,Multilingual,,Licence Only,Windows,LV-56006,"$2,322.00",https://www.techsoup.ca/content/exchange-server-standard-edition-discounted-%E2%80%93-no-software-assurance
Exchange Server User CAL - Enterprise (Discounted) - No Software Assurance,Microsoft Discounted Software,Multilingual,,Licence Only,Windows,LV-56031,$406.00,https://www.techsoup.ca/content/exchange-server-user-cal-%E2%80%93-enterprise-discounted-%E2%80%93-no-software-assurance
Exchange Server User CAL - Standard (Discounted) - No Software Assurance,Microsoft Discounted Software,Multilingual,,Licence Only,Windows,L-55999,$25.00,https://www.techsoup.ca/content/exchange-server-user-cal-%E2%80%93-standard-discounted-%E2%80%93-no-software-assurance
Office for Mac (Discounted) - No Software Assurance,Microsoft Discounted Software,Multilingual,,Licence Only,Windows,L-56029,$28.00,https://www.techsoup.ca/content/office-mac-discounted-%E2%80%93-no-software-assurance
Office Professional Plus (Discounted) - No Software Assurance,Microsoft Discounted Software,Multilingual,,Licence Only,Mac,L-56009,$158.00,https://www.techsoup.ca/content/office-professional-plus-discounted-%E2%80%93-no-software-assurance
Outlook (Discounted) - No Software Assurance,Microsoft Discounted Software,Multilingual,,Licence Only,Windows,L-55997,$215.00,https://www.techsoup.ca/content/outlook-discounted-%E2%80%93-no-software-assurance
Outlook for Mac (Discounted) - No Software Assurance,Microsoft Discounted Software,Multilingual,,Licence Only,Windows,L-56042,$60.00,https://www.techsoup.ca/content/outlook-mac-discounted-%E2%80%93-no-software-assurance
PowerPoint (Discounted) - No Software Assurance,Microsoft Discounted Software,Multilingual,,Licence Only,Mac,L-56007,$60.00,https://www.techsoup.ca/content/powerpoint-discounted-%E2%80%93-no-software-assurance
PowerPoint for Mac (Discounted) - No Software Assurance,Microsoft Discounted Software,Multilingual,,Licence Only,Windows,L-56025,$60.00,https://www.techsoup.ca/content/powerpoint-mac-discounted-%E2%80%93-no-software-assurance
Project (Discounted) - No Software Assurance,Microsoft Discounted Software,Multilingual,,Licence Only,Mac,L-55985,$60.00,https://www.techsoup.ca/content/project-discounted-%E2%80%93-no-software-assurance
Project Professional (Discounted) - No Software Assurance,Microsoft Discounted Software,Multilingual,,Licence Only,Windows,L-56012,$354.00,https://www.techsoup.ca/content/project-professional-discounted-%E2%80%93-no-software-assurance
Project Server (Discounted) - No Software Assurance,Microsoft Discounted Software,Multilingual,,Licence Only,Windows,L-56010,$396.00,https://www.techsoup.ca/content/project-server-discounted-%E2%80%93-no-software-assurance
Project Server Device CAL (Discounted) - No Software Assurance,Microsoft Discounted Software,Multilingual,,Licence Only,Windows,LV-55993,"$3,247.00",https://www.techsoup.ca/content/project-server-device-cal-discounted-%E2%80%93-no-software-assurance
Project Server User CAL (Discounted) - No Software Assurance,Microsoft Discounted Software,Multilingual,,Licence Only,Windows,L-56018,$97.00,https://www.techsoup.ca/content/project-server-user-cal-discounted-%E2%80%93-no-software-assurance
Publisher (Discounted) - No Software Assurance,Microsoft Discounted Software,Multilingual,,Licence Only,Windows,L-55988,$101.00,https://www.techsoup.ca/content/publisher-discounted-%E2%80%93-no-software-assurance
SharePoint Server (Discounted) - No Software Assurance,Microsoft Discounted Software,Multilingual,,Licence Only,Windows,L-55996,$60.00,https://www.techsoup.ca/content/sharepoint-server-discounted-%E2%80%93-no-software-assurance
"SQL Server Enterprise Edition, Core-Based Licensing (Discounted) - No Software Assurance",Microsoft Discounted Software,Multilingual,,Licence Only,Windows,LV-56030,"$3,896.00",https://www.techsoup.ca/content/sql-server-enterprise-edition-core-based-licensing-discounted-%E2%80%93-no-software-assurance
"SQL Server Standard Edition, Core-Based Licensing (Discounted) - No Software Assurance",Microsoft Discounted Software,Multilingual,,Licence Only,Windows,LV-55995,"$7,162.00",https://www.techsoup.ca/content/sql-server-standard-edition-core-based-licensing-discounted-%E2%80%93-no-software-assurance
"SQL Server Standard Edition, Server/CAL Licensing (Discounted) - No Software Assurance",Microsoft Discounted Software,Multilingual,,Licence Only,Windows,LV-56039,"$1,868.00",https://www.techsoup.ca/content/sql-server-standard-edition-servercal-licensing-discounted-%E2%80%93-no-software-assurance
Visio Professional (Discounted) - No Software Assurance,Microsoft Discounted Software,Multilingual,,Licence Only,Windows,LV-56000,$467.00,https://www.techsoup.ca/content/visio-professional-discounted-%E2%80%93-no-software-assurance
Visio Standard (Discounted) - No Software Assurance,Microsoft Discounted Software,Multilingual,,Licence Only,Windows,L-56032,$301.00,https://www.techsoup.ca/content/visio-standard-discounted-%E2%80%93-no-software-assurance
Windows Operating System Upgrade (Discounted) - No Software Assurance,Microsoft Discounted Software,Multilingual,,Licence Only,Windows,L-55990,$161.00,https://www.techsoup.ca/content/windows-operating-system-upgrade-discounted-%E2%80%93-no-software-assurance
Windows Remote Desktop Services - Device CAL (Discounted) - No Software Assurance,Microsoft Discounted Software,Multilingual,,Licence Only,Windows,L-56021,$103.00,https://www.techsoup.ca/content/windows-remote-desktop-services-%E2%80%93-device-cal-discounted-%E2%80%93-no-software-assurance
Windows Remote Desktop Services - External Connector License (Discounted) - No Software Assurance,Microsoft Discounted Software,Multilingual,,Licence Only,Windows,L-56005,$42.00,https://www.techsoup.ca/content/windows-remote-desktop-services-%E2%80%93-external-connector-license-discounted-%E2%80%93-no-software
Windows Remote Desktop Services - User CAL (Discounted) - No Software Assurance,Microsoft Discounted Software,Multilingual,,Licence Only,Windows,L-56020,"$5,105.00",https://www.techsoup.ca/content/windows-remote-desktop-services-%E2%80%93-user-cal-discounted-%E2%80%93-no-software-assurance
Windows Server Datacenter (Discounted) - No Software Assurance,Microsoft Discounted Software,Multilingual,,Licence Only,Windows,L-56041,$42.00,https://www.techsoup.ca/content/windows-server-datacenter-discounted-%E2%80%93-no-software-assurance
"Windows Server Datacenter, 16 Core Licenses (Discounted) - No Software Assurance",Microsoft Discounted Software,Multilingual,,Licence Only,Windows,LV-56003,$401.00,https://www.techsoup.ca/content/windows-server-datacenter-16-core-licenses-discounted-%E2%80%93-no-software-assurance
Windows Server Device CAL (Discounted) - No Software Assurance,Microsoft Discounted Software,Multilingual,,Licence Only,Windows,LV-56016,"$3,207.00",https://www.techsoup.ca/content/windows-server-device-cal-discounted-%E2%80%93-no-software-assurance
Windows Server Standard (Discounted) - No Software Assurance,Microsoft Discounted Software,Multilingual,,Licence Only,Windows,L-56043,$13.00,https://www.techsoup.ca/content/windows-server-standard-discounted-%E2%80%93-no-software-assurance
"Windows Server Standard, 16 Core Licenses (Discounted) - No Software Assurance",Microsoft Discounted Software,Multilingual,"Server & Security Software,Server and Network Management",Licence Only,Windows,LV-56028,$69.00,https://www.techsoup.ca/content/windows-server-standard-16-core-licenses-discounted-%E2%80%93-no-software-assurance
Windows Server User CAL (Discounted) - No Software Assurance,Microsoft Discounted Software,Multilingual,,Licence Only,Windows,LV-56013,$557.00,https://www.techsoup.ca/content/windows-server-user-cal-discounted-%E2%80%93-no-software-assurance
Azure DevOps Server Device CAL (Discounted),Microsoft Discounted Software,Multilingual,,Licence Only,Windows,L-56015,$13.00,https://www.techsoup.ca/content/azure-devops-server-device-cal-discounted-0
Azure DevOps Server User CAL (Discounted),Microsoft Discounts with Software Assurance,Multilingual,,Licence Only,Windows,LS-55606,$353.00,https://www.techsoup.ca/content/azure-devops-server-user-cal-discounted-0
SQL Server Device CAL (Discounted),Microsoft Discounts with Software Assurance,Multilingual,,Licence Only,Windows,LS-55607,$360.00,https://www.techsoup.ca/content/sql-server-device-cal-discounted-0
SQL Server Device CAL (Discounted) - No Software Assurance,Microsoft Discounts with Software Assurance,Multilingual,,Licence Only,Windows,LS-55571,$128.00,https://www.techsoup.ca/content/sql-server-device-cal-discounted-%E2%80%93-no-software-assurance
SQL Server User CAL (Discounted),Microsoft Discounted Software,Multilingual,,Licence Only,Windows,L-55992,$73.00,https://www.techsoup.ca/content/sql-server-user-cal-discounted-0
SQL Server User CAL (Discounted) - No Software Assurance,Microsoft Discounts with Software Assurance,Multilingual,,Licence Only,Windows,LS-55539,$128.00,https://www.techsoup.ca/content/sql-server-user-cal-discounted-%E2%80%93-no-software-assurance
Access (Discounted),Microsoft Discounted Software,Multilingual,,Licence Only,Windows,L-55986,$73.00,https://www.techsoup.ca/content/access-discounted-0
Azure DevOps Server (Discounted),Microsoft Discounts with Software Assurance,Multilingual,,Licence Only,Windows,LS-55586,$115.00,https://www.techsoup.ca/content/azure-devops-server-discounted-0
BizTalk Server Standard (Discounted),Microsoft Discounts with Software Assurance,Multilingual,,Licence Only,Windows,LVS-55542,$353.00,https://www.techsoup.ca/content/biztalk-server-standard-discounted-0
Core Device CAL Suite (Discounted),Microsoft Discounts with Software Assurance,Multilingual,,Licence Only,Windows,LVS-55579,"$4,625.00",https://www.techsoup.ca/content/core-device-cal-suite-discounted-0
Core User CAL Suite (Discounted),Microsoft Discounts with Software Assurance,Multilingual,,Licence Only,Windows,LS-55594,$162.00,https://www.techsoup.ca/content/core-user-cal-suite-discounted-0
Dynamics 365 for Customer Service On-Premises Device CAL (Discounted),Microsoft Discounts with Software Assurance,Multilingual,,Licence Only,Windows,LS-55566,$170.00,https://www.techsoup.ca/content/dynamics-365-customer-service-premises-device-cal-discounted-0
Dynamics 365 for Customer Service On-Premises User CAL (Discounted),Microsoft Discounts with Software Assurance,Multilingual,,Licence Only,Windows,LS-55599,"$1,749.00",https://www.techsoup.ca/content/dynamics-365-customer-service-premises-user-cal-discounted-0
Dynamics 365 for Sales On-Premises Device CAL (Discounted),Microsoft Discounts with Software Assurance,Multilingual,,Licence Only,Windows,LS-55604,"$1,653.00",https://www.techsoup.ca/content/dynamics-365-sales-premises-device-cal-discounted-0
Dynamics 365 for Sales On-Premises User CAL (Discounted),Microsoft Discounts with Software Assurance,Multilingual,,Licence Only,Windows,LS-55613,"$1,749.00",https://www.techsoup.ca/content/dynamics-365-sales-premises-user-cal-discounted-0
Dynamics 365 for Team Members On-Premises Device CAL (Discounted),Microsoft Discounts with Software Assurance,Multilingual,,Licence Only,Windows,LS-55549,"$1,653.00",https://www.techsoup.ca/content/dynamics-365-team-members-premises-device-cal-discounted-0
Dynamics 365 for Team Members On-Premises User CAL (Discounted),Microsoft Discounts with Software Assurance,Multilingual,,Licence Only,Windows,LS-55584,$140.00,https://www.techsoup.ca/content/dynamics-365-team-members-premises-user-cal-discounted-0
Exchange Server Device CAL - Enterprise (Discounted),Microsoft Discounts with Software Assurance,Multilingual,,Licence Only,Windows,LS-55614,$132.00,https://www.techsoup.ca/content/exchange-server-device-cal-%E2%80%93-enterprise-discounted
Exchange Server Device CAL - Standard (Discounted),Microsoft Discounts with Software Assurance,Multilingual,,Licence Only,Windows,LS-55610,$46.00,https://www.techsoup.ca/content/exchange-server-device-cal-%E2%80%93-standard-discounted
Exchange Server Enterprise Edition (Discounted),Microsoft Discounts with Software Assurance,Multilingual,,Licence Only,Windows,LS-55559,$46.00,https://www.techsoup.ca/content/exchange-server-enterprise-edition-discounted-0
Exchange Server Standard Edition (Discounted),Microsoft Discounts with Software Assurance,Multilingual,,Licence Only,Windows,LVS-55600,"$4,065.00",https://www.techsoup.ca/content/exchange-server-standard-edition-discounted-0
Exchange Server User CAL - Enterprise (Discounted),Microsoft Discounts with Software Assurance,Multilingual,,Licence Only,Windows,LVS-55548,$711.00,https://www.techsoup.ca/content/exchange-server-user-cal-%E2%80%93-enterprise-discounted-0
Exchange Server User CAL - Standard (Discounted),Microsoft Discounts with Software Assurance,Multilingual,,Licence Only,Windows,LS-55585,$48.00,https://www.techsoup.ca/content/exchange-server-user-cal-%E2%80%93-standard-discounted-0
Lync for Mac (Discounted),Microsoft Discounts with Software Assurance,Multilingual,,Licence Only,Windows,LS-55546,$49.00,https://www.techsoup.ca/content/lync-mac-discounted-0
Microsoft Endpoint Configuration Manager Device Client ML (Discounted),Microsoft Discounts with Software Assurance,Multilingual,,Licence Only,Mac,LS-55547,$14.00,https://www.techsoup.ca/content/microsoft-endpoint-configuration-manager-device-client-ml-discounted-0
Microsoft Endpoint Configuration Manager User Client ML (Discounted),Microsoft Discounts with Software Assurance,Multilingual,,Licence Only,Windows,LS-55550,$42.00,https://www.techsoup.ca/content/microsoft-endpoint-configuration-manager-user-client-ml-discounted-0
Office Audit and Control Management Server (Discounted),Microsoft Discounts with Software Assurance,Multilingual,,Licence Only,Windows,LS-55567,$43.00,https://www.techsoup.ca/content/office-audit-and-control-management-server-discounted-0
Office for Mac (Discounted),Microsoft Discounts with Software Assurance,Multilingual,,Licence Only,Windows,LVS-55538,"$3,101.00",https://www.techsoup.ca/content/office-mac-discounted-0
Office Professional Plus (Discounted),Microsoft Discounts with Software Assurance,Multilingual,,Licence Only,Mac,LS-55589,$296.00,https://www.techsoup.ca/content/office-professional-plus-discounted-0
Office Standard (Discounted),Microsoft Discounts with Software Assurance,Multilingual,,Licence Only,Windows,LS-55582,$404.00,https://www.techsoup.ca/content/office-standard-discounted-0
Outlook (Discounted),Microsoft Discounts with Software Assurance,Multilingual,,Licence Only,Windows,LS-55572,$296.00,https://www.techsoup.ca/content/outlook-discounted-0
Outlook for Mac (Discounted),Microsoft Discounts with Software Assurance,Multilingual,,Licence Only,Windows,LS-55597,$115.00,https://www.techsoup.ca/content/outlook-mac-discounted-0
PowerPoint (Discounted),Microsoft Discounts with Software Assurance,Multilingual,,Licence Only,Mac,LS-55575,$115.00,https://www.techsoup.ca/content/powerpoint-discounted-0
PowerPoint for Mac (Discounted),Microsoft Discounts with Software Assurance,Multilingual,,Licence Only,Windows,LS-55560,$115.00,https://www.techsoup.ca/content/powerpoint-mac-discounted-0
Project (Discounted),Microsoft Discounts with Software Assurance,Multilingual,,Licence Only,Mac,LS-55611,$115.00,https://www.techsoup.ca/content/project-discounted-0
Project Professional (Discounted),Microsoft Discounts with Software Assurance,Multilingual,,Licence Only,Windows,LS-55570,$663.00,https://www.techsoup.ca/content/project-professional-discounted-0
Project Server (Discounted),Microsoft Discounts with Software Assurance,Multilingual,,Licence Only,Windows,LS-55590,"$1,102.00",https://www.techsoup.ca/content/project-server-discounted-0
Project Server Device CAL (Discounted),Microsoft Discounts with Software Assurance,Multilingual,,Licence Only,Windows,LVS-55580,"$5,685.00",https://www.techsoup.ca/content/project-server-device-cal-discounted-0
Project Server User CAL (Discounted),Microsoft Discounts with Software Assurance,Multilingual,,Licence Only,Windows,LS-55612,$170.00,https://www.techsoup.ca/content/project-server-user-cal-discounted-0
Publisher (Discounted),Microsoft Discounts with Software Assurance,Multilingual,,License only,Windows,LS-55595,$176.00,https://www.techsoup.ca/content/publisher-discounted-0
SharePoint Server (Discounted),Microsoft Discounts with Software Assurance,Multilingual,,Licence Only,Windows,LS-55608,$115.00,https://www.techsoup.ca/content/sharepoint-server-discounted-0
SharePoint Server Device CAL - Enterprise (Discounted),Microsoft Discounts with Software Assurance,Multilingual,,Licence Only,Windows,LVS-55537,"$6,822.00",https://www.techsoup.ca/content/sharepoint-server-device-cal-%E2%80%93-enterprise-discounted-0
SharePoint Server Device CAL - Standard (Discounted),Microsoft Discounts with Software Assurance,Multilingual,,Licence Only,Windows,LS-55554,$83.00,https://www.techsoup.ca/content/sharepoint-server-device-cal-%E2%80%93-standard-discounted-0
SharePoint Server User CAL - Enterprise (Discounted),Microsoft Discounts with Software Assurance,Multilingual,,Licence Only,Windows,LS-55544,$64.00,https://www.techsoup.ca/content/sharepoint-server-user-cal-%E2%80%93-enterprise-discounted-0
SharePoint Server User CAL - Standard (Discounted),Microsoft Discounts with Software Assurance,Multilingual,,Licence Only,Windows,LS-55564,$86.00,https://www.techsoup.ca/content/sharepoint-server-user-cal-%E2%80%93-standard-discounted-0
Skype for Business (Discounted),Microsoft Discounts with Software Assurance,Multilingual,,Licence Only,Windows,LS-55583,$68.00,https://www.techsoup.ca/content/skype-business-discounted-0
Skype for Business Server (Discounted),Microsoft Discounts with Software Assurance,Multilingual,,Licence Only,Windows,LS-55534,$24.00,https://www.techsoup.ca/content/skype-business-server-discounted-0
Skype for Business Server Device CAL - Enterprise (Discounted),Microsoft Discounts with Software Assurance,Multilingual,,Licence Only,Windows,LVS-55576,"$3,659.00",https://www.techsoup.ca/content/skype-business-server-device-cal-%E2%80%93-enterprise-discounted-0
Skype for Business Server Device CAL - Plus (Discounted),Microsoft Discounts with Software Assurance,Multilingual,,Licence Only,Windows,LS-55551,$108.00,https://www.techsoup.ca/content/skype-business-server-device-cal-%E2%80%93-plus-discounted-0
Skype for Business Server Device CAL - Standard (Discounted),Microsoft Discounts with Software Assurance,Multilingual,,Licence Only,Windows,LS-55592,$74.00,https://www.techsoup.ca/content/skype-business-server-device-cal-%E2%80%93-standard-discounted-0
Skype for Business Server User CAL - Enterprise (Discounted),Microsoft Discounts with Software Assurance,Multilingual,,Licence Only,Windows,LS-55588,$21.00,https://www.techsoup.ca/content/skype-business-server-user-cal-%E2%80%93-enterprise-discounted-0
Skype for Business Server User CAL - Plus (Discounted),Microsoft Discounts with Software Assurance,Multilingual,,Licence Only,Windows,LS-55562,$112.00,https://www.techsoup.ca/content/skype-business-server-user-cal-%E2%80%93-plus-discounted-0
Skype for Business Server User CAL - Standard (Discounted),Microsoft Discounts with Software Assurance,Multilingual,,Licence Only,Windows,LS-55533,$78.00,https://www.techsoup.ca/content/skype-business-server-user-cal-%E2%80%93-standard-discounted-0
"SQL Server Enterprise Edition, Core-Based Licensing (Discounted)",Microsoft Discounts with Software Assurance,Multilingual,,Licence Only,Windows,LS-55596,$23.00,https://www.techsoup.ca/content/sql-server-enterprise-edition-core-based-licensing-discounted-0
"SQL Server Standard Edition, Core-Based Licensing (Discounted)",Microsoft Discounts with Software Assurance,Multilingual,,Licence Only,Windows,LVS-55602,"$12,542.00",https://www.techsoup.ca/content/sql-server-standard-edition-core-based-licensing-discounted-0
"SQL Server Standard Edition, Server/CAL Licensing (Discounted)",Microsoft Discounts with Software Assurance,Multilingual,,Licence Only,Windows,LVS-55555,"$3,270.00",https://www.techsoup.ca/content/sql-server-standard-edition-servercal-licensing-discounted-0
System Center Data Protection Manager Device Client ML (Discounted),Microsoft Discounts with Software Assurance,Multilingual,,Licence Only,Windows,LVS-55557,$819.00,https://www.techsoup.ca/content/system-center-data-protection-manager-device-client-ml-discounted-0
System Center Data Protection Manager User Client ML (Discounted),Microsoft Discounts with Software Assurance,Multilingual,,Licence Only,Windows,LS-55605,$17.00,https://www.techsoup.ca/content/system-center-data-protection-manager-user-client-ml-discounted-0
System Center Datacenter (Discounted),Microsoft Discounts with Software Assurance,Multilingual,,Licence Only,Windows,LS-55609,$17.00,https://www.techsoup.ca/content/system-center-datacenter-discounted-0
"System Center Datacenter, 16 Core Licenses (Discounted)",Microsoft Discounts with Software Assurance,Multilingual,,Licence Only,Windows,LS-55553,$275.00,https://www.techsoup.ca/content/system-center-datacenter-16-core-licenses-discounted
System Center Operations Manager Device Client ML (Discounted),Microsoft Discounts with Software Assurance,Multilingual,,Licence Only,Windows,LS-55540,"$2,194.00",https://www.techsoup.ca/content/system-center-operations-manager-device-client-ml-discounted-0
System Center Operations Manager User Client ML (Discounted),Microsoft Discounts with Software Assurance,Multilingual,,Licence Only,Windows,LS-55591,$17.00,https://www.techsoup.ca/content/system-center-operations-manager-user-client-ml-discounted-0
System Center Orchestrator Device Client ML (Discounted),Microsoft Discounts with Software Assurance,Multilingual,,Licence Only,Windows,LS-55556,$17.00,https://www.techsoup.ca/content/system-center-orchestrator-device-client-ml-discounted-0
System Center Orchestrator User Client ML (Discounted),Microsoft Discounts with Software Assurance,Multilingual,,Licence Only,Windows,LS-55569,$17.00,https://www.techsoup.ca/content/system-center-orchestrator-user-client-ml-discounted-0
System Center Service Manager Device Client ML (Discounted),Microsoft Discounts with Software Assurance,Multilingual,,Licence Only,Windows,LS-55536,$17.00,https://www.techsoup.ca/content/system-center-service-manager-device-client-ml-discounted-0
System Center Service Manager User Client ML (Discounted),Microsoft Discounts with Software Assurance,Multilingual,,Licence Only,Windows,LS-55603,$17.00,https://www.techsoup.ca/content/system-center-service-manager-user-client-ml-discounted-0
System Center Standard (Discounted),Microsoft Discounts with Software Assurance,Multilingual,,Licence Only,Windows,LS-55578,$17.00,https://www.techsoup.ca/content/system-center-standard-discounted-0
"System Center Standard, 16 Core Licenses (Discounted)",Microsoft Discounts with Software Assurance,Multilingual,,Licence Only,Windows,LS-55541,$101.00,https://www.techsoup.ca/content/system-center-standard-16-core-licenses-discounted
Visio Professional (Discounted),Microsoft Discounts with Software Assurance,Multilingual,,Licence Only,Windows,LS-55561,$805.00,https://www.techsoup.ca/content/visio-professional-discounted-0
Visio Standard (Discounted),Microsoft Discounts with Software Assurance,Multilingual,,Licence Only,Windows,LS-55565,$565.00,https://www.techsoup.ca/content/visio-standard-discounted-0
Visual Studio Enterprise with MSDN (Discounted),Microsoft Discounts with Software Assurance,Multilingual,,Licence Only,Windows,LS-55574,$303.00,https://www.techsoup.ca/content/visual-studio-enterprise-msdn-discounted-0
Visual Studio Professional with MSDN (Discounted),Microsoft Discounts with Software Assurance,Multilingual,,Licence Only,Windows,LS-55568,"$5,510.00",https://www.techsoup.ca/content/visual-studio-professional-msdn-discounted-0
Visual Studio Test Professional with MSDN (Discounted),Microsoft Discounts with Software Assurance,Multilingual,,Licence Only,Windows,LS-55558,$838.00,https://www.techsoup.ca/content/visual-studio-test-professional-msdn-discounted-0
Windows Operating System Upgrade (Discounted),Microsoft Discounts with Software Assurance,Multilingual,,Licence Only,Windows,LS-55581,"$1,586.00",https://www.techsoup.ca/content/windows-operating-system-upgrade-discounted-0
Windows Remote Desktop Services - Device CAL (Discounted),Microsoft Discounts with Software Assurance,Multilingual,,Licence Only,Windows,LS-55598,$143.00,https://www.techsoup.ca/content/windows-remote-desktop-services-%E2%80%93-device-cal-discounted-0
Windows Remote Desktop Services - External Connector License (Discounted),Microsoft Discounts with Software Assurance,Multilingual,,Licence Only,Windows,LS-55587,$72.00,https://www.techsoup.ca/content/windows-remote-desktop-services-%E2%80%93-external-connector-license-discounted-0
Windows Remote Desktop Services - User CAL (Discounted),Microsoft Discounts with Software Assurance,Multilingual,,Licence Only,Windows,LS-55535,"$8,940.00",https://www.techsoup.ca/content/windows-remote-desktop-services-%E2%80%93-user-cal-discounted-0
Windows Server Datacenter (Discounted),Microsoft Discounts with Software Assurance,Multilingual,,Licence Only,Windows,LS-55563,$72.00,https://www.techsoup.ca/content/windows-server-datacenter-discounted-0
"Windows Server Datacenter, 16 Core Licenses (Discounted)",Microsoft Discounts with Software Assurance,Multilingual,,Licence Only,Windows,LVS-55601,$702.00,https://www.techsoup.ca/content/windows-server-datacenter-16-core-licenses-discounted
Windows Server Device CAL (Discounted),Microsoft Discounts with Software Assurance,Multilingual,,Licence Only,Windows,LVS-55573,"$5,616.00",https://www.techsoup.ca/content/windows-server-device-cal-discounted-0
Windows Server Essentials (Discounted),Microsoft Discounts with Software Assurance,Multilingual,,Licence Only,Windows,LS-55593,$22.00,https://www.techsoup.ca/content/windows-server-essentials-discounted-0
Windows Server External Connector License (Discounted),Microsoft Discounts with Software Assurance,Multilingual,,Licence Only,Windows,LVS-55545,$457.00,https://www.techsoup.ca/content/windows-server-external-connector-license-discounted-0
Windows Server Standard (Discounted),Microsoft Discounts with Software Assurance,Multilingual,,Licence Only,Windows,LVS-55543,"$1,240.00",https://www.techsoup.ca/content/windows-server-standard-discounted-0
"Windows Server Standard, 16 Core Licenses (Discounted)",Microsoft Discounts with Software Assurance,Multilingual,,Licence Only,Windows,LVS-55552,$123.00,https://www.techsoup.ca/content/windows-server-standard-16-core-licenses-discounted
Windows Server User CAL (Discounted),Microsoft Discounts with Software Assurance,Multilingual,,Licence Only,Windows,LVS-55577,$975.00,https://www.techsoup.ca/content/windows-server-user-cal-discounted-0
HP Elitebook 840 G3 Laptop (Refurbished),Microsoft Discounts with Software Assurance,Multilingual,,Licence Only,Windows,LS-55615,$23.00,https://www.techsoup.ca/content/hp-elitebook-840-g3-laptop-refurbished
HP ProBook 640G2 (Refurbished),CNB Computers,English,"Hardware,Computers",,Windows,051791295939,$499.00,https://www.techsoup.ca/content/hp-probook-640g2-refurbished
Dell OptiPlex 5055 SFF (Refurbished),CNB Computers,English,"Hardware,Computers",Hardware,Windows,051791295960,$425.00,https://www.techsoup.ca/content/dell-optiplex-5055-sff-refurbished
HP EliteDesk 800G3 mini (Refurbished),CNB Computers,English,"Hardware,Computers",Hardware,Windows,051791295984,$339.00,https://www.techsoup.ca/content/hp-elitedesk-800g3-mini-refurbished
Dell OptiPlex 5050 Micro Desktop (Refurbished),CNB Computers,English,"Hardware,Computers",Hardware,Windows,051791295991,$369.00,https://www.techsoup.ca/content/dell-optiplex-5050-micro-desktop-refurbished
Cisco Meraki MS225 Series 48-Port PoE Gigabit Ethernet Switch with 5-Year License (Refurbished),CNB Computers,English,"Hardware,Computers",Hardware,Windows,051791296004,$425.00,https://www.techsoup.ca/content/cisco-meraki-ms225-series-48-port-poe-gigabit-ethernet-switch-5-year-license-refurbished-0
Cisco Meraki MS225 Series 48-Port Full PoE Gigabit Ethernet Switch with 5-Year License (Refurbished),Cisco Meraki,English,,Hardware,Multiple platforms,HW-55003,$602.00,https://www.techsoup.ca/content/cisco-meraki-ms225-series-48-port-full-poe-gigabit-ethernet-switch-5-year-license-0
GetResponse Marketing Platform - Access to 50% Discount (CA),Cisco Meraki,English,,Hardware,Multiple platforms,HW-55005,$681.00,https://www.techsoup.ca/content/getresponse-marketing-platform-access-50-discount-ca
Dell Precision 3620 Tower (Refurbished),GetResponse,English,,Online,Multiple platforms,G-56830,$20.00,https://www.techsoup.ca/content/dell-precision-3620-tower-refurbished
"Dell 5289 2-in-one 12.5"" Touch",CNB Computers,English,"Hardware,Computers",Hardware,Windows,051791275832,$564.00,https://www.techsoup.ca/content/dell-5289-2-one-125-touch
Office for Mac - No Software Assurance (Computer Labs Only),CNB Computers,English,"Hardware,Computers",Hardware,Windows,051791275894,$524.00,https://www.techsoup.ca/content/office-mac-%E2%80%93-no-software-assurance-computer-labs-only
Office Standard - No Software Assurance (Computer Labs Only),Microsoft Donated Software,Multilingual,,,,G-56920,$47.00,https://www.techsoup.ca/content/office-standard-%E2%80%93-no-software-assurance-computer-labs-only
Project - No Software Assurance (Computer Labs Only),Microsoft Donated Software,Multilingual,,License only,Windows,G-56919,$47.00,https://www.techsoup.ca/content/project-%E2%80%93-no-software-assurance-computer-labs-only
Visio Standard - No Software Assurance (Computer Labs Only),Microsoft Donated Software,Multilingual,,Licence Only,Windows,G-56917,$71.00,https://www.techsoup.ca/content/visio-standard-%E2%80%93-no-software-assurance-computer-labs-only
Publisher - No Software Assurance (Computer Labs Only),Microsoft Donated Software,Multilingual,,Licence Only,Windows,G-56921,$33.00,https://www.techsoup.ca/content/publisher-%E2%80%93-no-software-assurance-computer-labs-only
Visual Studio Professional - No Software Assurance (Computer Labs Only),Microsoft Donated Software,Multilingual,,Licence Only,Windows,G-56918,$16.00,https://www.techsoup.ca/content/visual-studio-professional-%E2%80%93-no-software-assurance-computer-labs-only
Visual Studio Professional (Discounted) - No Software Assurance,Microsoft Donated Software,Multilingual,,Licence Only,Windows,G-56924,$52.00,https://www.techsoup.ca/content/visual-studio-professional-discounted-%E2%80%93-no-software-assurance
Windows Pro Full Operating System - No Software Assurance (Computer Labs Only),Microsoft Discounted Software,Multilingual,,Licence Only,Windows,L-56982,$259.00,https://www.techsoup.ca/content/windows-pro-full-operating-system-%E2%80%93-no-software-assurance-computer-labs-only
HP EliteBook 840G4 Touch (Refurbished),Microsoft Donated Software,Multilingual,,Licence Only,Windows,G-56923,$21.00,https://www.techsoup.ca/content/hp-elitebook-840g4-touch-refurbished
Cisco Meraki 1000BASE-SX Multimode SFP Transceiver,CNB Computers,English,,,,051791277164,$535.00,https://www.techsoup.ca/content/cisco-meraki-1000base-sx-multimode-sfp-transceiver
Cisco Meraki 1000BASE-TX Copper SFP Transceiver,Cisco,English,,Hardware,Multiple platforms,HW-57025,$124.00,https://www.techsoup.ca/content/cisco-meraki-1000base-tx-copper-sfp-transceiver
Cisco Meraki 5-Year Umbrella Integration License Upgrade for Wireless Access Points,Cisco,English,,Hardware,Multiple platforms,HW-57022,$109.00,https://www.techsoup.ca/content/cisco-meraki-5-year-umbrella-integration-license-upgrade-wireless-access-points
Cisco Meraki 802.3at PoE Injector,Cisco,English,,"License, Download",Multiple platforms,HW-57023,$113.00,https://www.techsoup.ca/content/cisco-meraki-8023at-poe-injector
Webex Meetings for Nonprofits,Cisco,English,,Hardware,Multiple platforms,HW-57026,$38.00,https://www.techsoup.ca/content/webex-meetings-nonprofits
,Webex,Multilingual,,Online,Multiple platforms,G-90038,None,
,Pluralsight,Multilingual,,Online,Multiple platforms,G-90039,None,
Norton 360 Deluxe 1-Year Subscription for 5 Devices (English),Microsoft Discounted Software,English,,Download,Windows,L-57001,$69.00,https://www.techsoup.ca/content/norton-360-deluxe-1-year-subscription-5-devices-english
Norton 360 Deluxe 1-Year Subscription for 5 Devices (French),NortonLifeLock,English,"Server & Security Software,Spam and Virus Protection",Download,"Android,iOS,Mac,Windows",G-57056,$22.00,https://www.techsoup.ca/content/norton-360-deluxe-1-year-subscription-5-devices-french
Norton Small Business 1-Year Subscription for 10 Devices (English),NortonLifeLock,French,"Data Security and Privacy,Spam and Virus Protection",Download,"Android,iOS,Mac,Windows",G-57059,$22.00,https://www.techsoup.ca/content/norton-small-business-1-year-subscription-10-devices-english
Norton Small Business 1-Year Subscription for 10 Devices (French),NortonLifeLock,English,"Data Security and Privacy,Spam and Virus Protection",Download,"Android,iOS,Mac,Windows",G-57055,$39.00,https://www.techsoup.ca/content/norton-small-business-1-year-subscription-10-devices-french
Norton Small Business 1-Year Subscription for 20 Devices (English),NortonLifeLock,French,"Data Security and Privacy,Spam and Virus Protection",Download,"Android,iOS,Mac,Windows",G-57060,$39.00,https://www.techsoup.ca/content/norton-small-business-1-year-subscription-20-devices-english
Norton Small Business 1-Year Subscription for 20 Devices (French),NortonLifeLock,English,"Data Security and Privacy,Spam and Virus Protection",Download,"Android,iOS,Mac,Windows",G-57057,$65.00,https://www.techsoup.ca/content/norton-small-business-1-year-subscription-20-devices-french
Cisco Meraki 10GBASE-LR Single-Mode SFP Transceiver,NortonLifeLock,French,"Data Security and Privacy,Spam and Virus Protection",Download,"Android,iOS,Mac,Windows",G-57058,$65.00,https://www.techsoup.ca/content/cisco-meraki-10gbase-lr-single-mode-sfp-transceiver
Cisco Meraki 10GBASE-SR Multimode SFP Transceiver,Cisco,English,,Hardware,Multiple platforms,HW-57121,$991.00,https://www.techsoup.ca/content/cisco-meraki-10gbase-sr-multimode-sfp-transceiver
Cisco Meraki 5-Year Systems Manager Enterprise Device License,Cisco,English,,Hardware,Multiple platforms,HW-57122,$247.00,https://www.techsoup.ca/content/cisco-meraki-5-year-systems-manager-enterprise-device-license
Cisco Meraki MG41 Cellular Gateway with 5-Year License,Cisco,English,,Hardware,Multiple platforms,HW-57130,$26.00,https://www.techsoup.ca/content/cisco-meraki-mg41-cellular-gateway-5-year-license
Cisco Meraki MR46 Wi-Fi 6 Wireless Access Point with 5-Year License,Cisco,English,,Hardware,Multiple platforms,HW-57129,$656.00,https://www.techsoup.ca/content/cisco-meraki-mr46-wi-fi-6-wireless-access-point-5-year-license
Cisco Meraki MS120 Series 8-Port Full PoE Gigabit Ethernet Switch with 5-Year License,Cisco,English,,Hardware,Multiple platforms,HW-57123,$507.00,https://www.techsoup.ca/content/cisco-meraki-ms120-series-8-port-full-poe-gigabit-ethernet-switch-5-year-license
Cisco Meraki MX67C LTE Security Appliance with 5-Year License,Cisco,English,,Hardware,Multiple platforms,HW-57125,$394.00,https://www.techsoup.ca/content/cisco-meraki-mx67c-lte-security-appliance-5-year-license
Cisco Meraki MX75 Security Appliance with 5-Year License,Cisco,English,,Hardware,Multiple platforms,HW-57126,$937.00,https://www.techsoup.ca/content/cisco-meraki-mx75-security-appliance-5-year-license
Cisco Meraki MX85 Security Appliance with 5-Year License,Cisco,English,,Hardware,Multiple platforms,HW-57127,"$1,883.00",https://www.techsoup.ca/content/cisco-meraki-mx85-security-appliance-5-year-license
Cisco Meraki QSFP 1-Meter Stacking Cable,Cisco,English,,Hardware,Multiple platforms,HW-57124,"$2,353.00",https://www.techsoup.ca/content/cisco-meraki-qsfp-1-meter-stacking-cable
Sincron HR Essentials - Access to discounted rates,Cisco,English,,Hardware,Multiple platforms,HW-57128,$55.00,https://www.techsoup.ca/content/sincron-hr-essentials-access-discounted-rates
"Wix Business Unlimited Premium E-Commerce Plan, 2-Year Subscription - Access to Discounted Rates",Sincron HR,English,Staff Management,Online,Any Platform,SHRE-0001,$0.00,https://www.techsoup.ca/content/wix-business-unlimited-premium-e-commerce-plan-2-year-subscription-access-discounted-rates
"iPad Pro 9.7"" 128GB - Refurbished",Wix for Nonprofits,English,,Online,Multiple platforms,G-57181,$25.00,https://www.techsoup.ca/content/ipad-pro-97-128gb-refurbished
"Dell Latitude E5480 14"" - Refurbished",CNB Computers,,,Hardware,iOS,051791283141,$320.00,https://www.techsoup.ca/content/dell-latitude-e5480-14-refurbished-0
Dell OptiPlex 3050 SFF - Refurbished,CNB Computers,,"Hardware,Computers",Hardware,Windows,051791283172,$394.00,https://www.techsoup.ca/content/dell-optiplex-3050-sff-refurbished
Dell OptiPlex 3050 SFF - Refurbished,CNB Computers,,"Hardware,Computers",Hardware,Windows,051791283189,$294.00,https://www.techsoup.ca/content/dell-optiplex-3050-sff-refurbished-0
Dell OptiPlex 3060 Micro (Refurbished),CNB Computers,,"Hardware,Computers",Hardware,Windows,051791283196,$462.00,https://www.techsoup.ca/content/dell-optiplex-3060-micro-refurbished
"Autodesk Product Design Collection, 1-Year Subscription",CNB Computers,,"Hardware,Computers",Hardware,Windows,051791283202,$494.00,https://www.techsoup.ca/content/autodesk-product-design-collection-1-year-subscription-0
"Autodesk Media and Entertainment Collection, 1-Year Subscription",Autodesk Cloud,English,Multimedia and Design,Download,Windows,G-57214,$327.00,https://www.techsoup.ca/content/autodesk-media-and-entertainment-collection-1-year-subscription-0
"Autodesk Architecture, Engineering and Construction Collection, 1-Year Subscription",Autodesk Cloud,English,Multimedia and Design,Download,Windows,G-57215,$327.00,https://www.techsoup.ca/content/autodesk-architecture-engineering-and-construction-collection-1-year-subscription-0
"Autodesk Fusion 360, 1-Year Subscription",Autodesk Cloud,English,Multimedia and Design,Download,Windows,G-57216,$327.00,https://www.techsoup.ca/content/autodesk-fusion-360-1-year-subscription-0
"Autodesk AutoCAD, 1-Year Subscription",Autodesk Cloud,English,CAD / Graphics Software,Download,"Windows, Mac",G-57217,$52.00,https://www.techsoup.ca/content/autodesk-autocad-1-year-subscription-0
Mavic 3 Fly More Combo,Autodesk Cloud,English,CAD / Graphics Software,Download,"Windows, Mac",G-57218,$262.00,https://www.techsoup.ca/content/mavic-3-fly-more-combo
Lenovo ThinkPad T470 (refurbished),Drone Discount Program,"English,French","Drones and Accessories,Hardware",Hardware,Any Platform,omni-0003,Login to view price,https://www.techsoup.ca/content/lenovo-thinkpad-t470-refurbished
"Apple iPad 7th Gen 32 GB 10.2"" Wi-Fi Only - Refurbished",CNB Computers,,"Hardware,Computers",Hardware,Windows,051791295922,$415.00,https://www.techsoup.ca/content/apple-ipad-7th-gen-32-gb-102-wi-fi-only-refurbished
"Apple iPad 6th Gen 32 GB 9.7"" Wi-Fi Only (Refurbished)",CNB Computers,English,"Hardware,Computers",Hardware,iOS,051791284476,$289.00,https://www.techsoup.ca/content/apple-ipad-6th-gen-32-gb-97-wi-fi-only-refurbished
Cisco Meraki MV21 Indoor Security Camera with 3-Year License,CNB Computers,English,"Hardware,Computers",Hardware,iOS,051791284469,$229.00,https://www.techsoup.ca/content/cisco-meraki-mv21-indoor-security-camera-3-year-license
DJI Air 2S,Cisco Meraki,English,,Hardware,Multiple platforms,HW-57323,$330.00,https://www.techsoup.ca/content/dji-air-2s
DJI Air 2S - Fly More Combo,Drone Discount Program,"English,French","Drones and Accessories,Hardware",Hardware,Any Platform,190021036574,Login to view price,https://www.techsoup.ca/content/dji-air-2s-fly-more-combo
"Adobe Express Premium Plan, 1-Year Individual Membership",Drone Discount Program,English,"Drones and Accessories,Hardware",Hardware,Any Platform,190021036581,Login to view price,https://www.techsoup.ca/content/adobe-express-premium-plan-1-year-individual-membership
,Adobe Express,English,,Download and Online,Multiple platforms,G-57340,None,
